{
  "SystemInfo": {
    "Version": "1.0.0.5"
  },
  "GlobalInfo": {
    "Date": "5/11/2021",
    "PowerMode": "Plugged in",
    "ActivePowerPlan": "Balanced",
    "BatteryPercentage": "100%"
  },
  "OS": {
    "Caption": "Microsoft Windows 10 Pro",
    "OSArchitecture": "64-bit",
    "Version": "10.0.19042",
    "BuildNumber": "19042",
    "ServicePackMajorVersion": "0",
    "ServicePackMinorVersion": "0"
  },
  "Processor": [
    {
      "Name": "11th Gen Intel(R) Core(TM) i7-1165G7 @ 2.80GHz",
      "CurrentClockSpeed": "2803",
      "MaxClockSpeed": "2803",
      "NumberOfCores": "4",
      "NumberOfEnabledCore": "4",
      "NumberOfLogicalProcessors": "8"
    }
  ],
  "Video Controller": [
    {
      "Name": "Intel(R) Graphics d gfx-driver-ci-master-8040 DCH ReleaseInternal",
      "DeviceID": "4905",
      "DriverVersion": "30.0.16.9999",
      "DriverDate": "2021-05-10",
      "AdapterRAM": "1024"
    },
    {
      "Name": "Intel(R) Graphics i gfx-driver-ci-master-8040 DCH ReleaseInternal",
      "DeviceID": "9A49",
      "DriverVersion": "30.0.16.9999",
      "DriverDate": "2021-05-10",
      "AdapterRAM": "1024"
    }
  ],
  "RAM": {
    "MemoryChip": [
      {
        "PhysicalMemory": "8192",
        "Speed": "4267"
      },
      {
        "PhysicalMemory": "8192",
        "Speed": "4267"
      }
    ],
    "TotalPhysicalMemory": "16384"
  },
  "Storage": [
    {
      "Drive": "Micron 2300 NVMe 1024GB",
      "Type": "Internal",
      "Size": "953.86"
    },
    {
      "Drive": "Samsung SSD 850 EVO 500G",
      "Type": "External",
      "Size": "465.76"
    },
    {
      "Drive": "VendorCo ProductCode",
      "Type": "External",
      "Size": "14.84"
    }
  ],
  "BIOS": {
    "Name": "1.3.0",
    "Manufacturer": "Dell Inc.",
    "Version": "DELL   - 2"
  },
  "Machine model": {
    "Manufacturer": "Dell Inc.",
    "Model": "Inspiron 7506 2n1"
  },
  "Displays": [
    {
      "Display": "Primary: True",
      "CurrentResolution": "1920x1080"
    }
  ],
  "Primary display": {
    "MaximumSupportedResolution": "1600x900",
    "MaximumSupportedRefreshRate": "75"
  }
}